[
  {
    "value": "sea food",
    "synonyms": [
      "sea food"
    ]
  },
  {
    "value": "chainees food",
    "synonyms": [
      "chainees food"
    ]
  },
  {
    "value": "dum biriyani",
    "synonyms": [
      "dum biriyani"
    ]
  },
  {
    "value": "drinks",
    "synonyms": [
      "drinks"
    ]
  },
  {
    "value": "rooms",
    "synonyms": [
      "rooms"
    ]
  },
  {
    "value": "wifi",
    "synonyms": [
      "wifi"
    ]
  },
  {
    "value": "swmming pool",
    "synonyms": [
      "swmming pool"
    ]
  },
  {
    "value": "tiffins",
    "synonyms": [
      "tiffins"
    ]
  },
  {
    "value": "chicken",
    "synonyms": [
      "chicken"
    ]
  },
  {
    "value": "fish curry",
    "synonyms": [
      "fish curry"
    ]
  }
]